Input,Target
0,o
prang,parang
n,na
pu,po
tlga,talaga
ulet,ulit
lng,lang
tas,tapos
jan,d'yan
ya,kuya
san,saan
wag,huwag
d2,dito
toh,ito
noh,ano
yarn,yan
nmn,naman
sau,sayo
teh,ate
di,hindi
ganornch,ganoon
kc,kasi
ndi,hindi
sha,siya
xia,siya
kmi,kami
aku,ako
un,yun
bahai,bahay
umai,umay
hnd,hindi
usto,gusto
ge,sige
amats,tama
keri,kaya
alaws,wala
bat,bakit
onti,kaunti
koya,kuya
gege,sige
sge,sige
cge,sige
laru,laro
lam,alam
tayu,tayo
pede,puwede
tong,itong
boset,bwisit
sayu,sayo
panget,pangit
nya,niya
nayan,na 'yan
yan,yan
yoko,ayoko
puyaters,puyat
langs,lang
non,noon
teh,ate
jusq,Diyos ko
jusko,Diyos ko
sakin,sa akin
nako,na ako
pano,paano
kala,akala
skl,share ko lang
nato,na ito
kalerki,kaloka
ambilis,ang bilis
nhak,anak
nhay,nanay
iskeri,scary
c,si
kelan,kailan
naten,natin
wla,wala
nio,niyo
bsta,basta
cla,sila
dyan,d'yan
sensya,pasensya
meron,mayroon
gus2,gusto
rap,sarap
ket,kahit
cnu,sino
tsaka,at saka
antay,hintay
antayin,hintayin
kinwento,kinuwento
lika,halika
nasan,nasaan
dpat,dapat
omsim,mismo
oms,mismo
uu,oo
anlala,ang lala
mu,mo
par,pare
lods,idol
lodi,idol
ebas,sabi
nyu,niyo
eabab,babae
ekalal,lalaki
yaan,hayaan
ante,ate
dehins,hindi
anyare,anong nangyari
pag,kapag
ganto,ganito
mmya,mamaya
ngaun,ngayon
ganyan,gan'yan
kaw,ikaw
nlng,na lang
cnabi,sinabi
ea,babae
eka,lalaki
aq,ako
nandito,narito
saet,sakit
la,wala
dipa,hindi pa
ra,tara
gang,hanggang
gege,sige
enge,pahingi
m,mo
balakajan,bahala ka d'yan
matsala,salamat
nugagawin,ano gagawin
dat,dapat
don,doon
samin,sa amin
satin,sa atin
dsurv,deserve
andito,narito
nu,ano
tau,tayo
nakwento,naikuwento
matik,automatic
nuyan,ano 'yan
arat,tara
tombits,tomboy
bohai,buhay
nandun,naroon
kesa,kaysa
gano,gaano
pu,po
pi,po
inet,init
nubayan,ano ba 'yan
langya,walang hiya
tamo,tingnan mo
penge,pahingi
anjan,and'yan
sakalam,malakas
naol,sana all
olats,talo
todas,patay
erpat,tatay
ermat,nanay
yosi,sigarilyo
insan,pinsan
bokya,talo
efas,safe
oyat,tayo
asan,nasaan
shota,kasintahan
atecco,ate ko
amaccana,tama ka na
accla,bakla
hanash,sabi
wapakels,walang pakialam
rapsa,sarap
peram,pahiram
petmalu,malupit
lavarn,laban
daks,malaki
juts,maliit
gugol,google
dko,hindi ko
waley,wala
charot,joke
char,joke
aun,ayun
cnu,sino
apaka,napaka
mamsir,ma'am at sir
petmalu,malupit
galeng,galing
jok,joke
eme,joke
emz,joke
kau,kayo
cno,sino
c,si
antapang,ang tapang
andami,ang dami
elib,bilib
inlab,in love
dasurb,deserve
ambangis,ang bangis
peram,pahiram
rel8,relate
anliit,ang liit
ambait,ang bait
s,sa
diba,hindi ba
ung,yung
naten,natin
nukajan,sino ka d'yan
werpa,power
yorme,mayor
wer na u?,nasaan ka na?
urat,inis
baduts,baduy
kng,kung
papano,papaano
kyut,cute
pwedi,puwede
shikip,sikip
d,hindi
sofer,super
cguro,siguro
kasbu,bukas
skul,school
lagowch,lagot
2loy,tuloy
k lng,okay lang
q,ako
2loy,tuloy
2luyan,tuluyan
abutn,abutin
anq,ang
anu,ano
aq,ako
atlest,at least
awayn,awayin
b,ba
bbagyo,babagyo
bcos,because
bcoz,because
bgay,bagay
bgyo,bagyo
bgyong,bagyong
bhala,bahala
bhay,bahay
bk8,bakit
bka,baka
bkt,bakit
bqyo,bagyo
bta,bata
bwat,bawat
c,si
c0mplain,complain
c0ntr0l,control
cgro,siguro
cguro,siguro
cia,siya
cignal,signal
cla,sila
cmula,simula
cnabi,sinabi
d,di
d2,dito
da,the
dahel,dahil
dahl,dahil
dba,hindi ba
dhil,dahil
dn,din
dnt,dont
donot,do not
dpat,dapat
dretso,diretso
drtso,diretso
ds,this
dto,dito
dyn,d'yan
dyos,Diyos
esave,i-save
f0r,for
frm,from
gbi,gabi
ggwin,gagawin
gnabi,ginabi
gnagawa,ginagawa
gnawa,ginawa
gnyan,ganiyan
gr8,great
gud,good
gvi,gabi
gwa,gawa
h0pe,hope
habng,habang
hangn,hangin
hnd,hindi
hndi,hindi
hnggng,hanggang
hwag,huwag
i layo,ilayo
i2,ito
ibg,ibig
icp,isip
ingt,ingat
iniicp,iniisip
ipag dasal,ipagdasal
jan,d'yan
jn,d'yan
k,ka
kaba,ka ba
kailngan,kailangan
kakatpoz,kakatapos
kana,ka na
kania,kaniya
kau,kayo
kawa2,kawawa
kc,kasi
kci,kasi
kelangan,kailangan
khit,kahit
kkilabot,kakakilabot
kla,kala
kme,kami
kn,ka na
kna,ka na
kng,kung
kp,ka pa
kphmakan,kapahamakan
ksma,kasama
ktabi,katabi
kun,kung
kya,kaya
la2ki,lalaki
lage,lagi
lhat,lahat
lht,lahat
lng,lang
m,mo
m0rning,morning
ma2loy,matuloy
maapek2han,maapektuhan
maapktuhan,maapektuhan
mageng,maging
magkakat0t0o,magkatotoo
magpasalamt,magpasalamat
maherap,mahirap
malasakt,malasakit
matu2naw,matutunaw
mbahaan,mabahaan
mejo,medyo
mg,mag
mganda,maganda
mggwa,magagawa
mgiingt,mag-iingat
mging,maging
mgingt,mag-ingat
mgkr0n,magkaroon
mgppkampante,magpapakampante
mgppsko,magpapasko
mgpray,magdasal
mgsalita,magsalita
mgsi2datingan,magsisidatingan
mhal,mahal
mkasalanan,makasalanan
mkitd,makitid
mla2gay,malalagay
mlaki,malaki
mlapit,malapit
mlyo,malayo
mmukhang,mumukhang
mn,man
morng,morning
mphmak,mapahamak
mrami,marami
mrnsn,maranasan
ms,mas
msaktan,masaktan
msama,masama
msira,masira
mskit,masakit
msktan,masaktan
msma,masama
msyado,masyado
mtitikman,matitikman
mtmaan,matamaan
mttgas,matitigas
mttmaan,matatamaan
mu,mo
mwalan,mawalan
mwla,mawala
my,may
n,na
n0body,nobody
nabgyo,nabagyo
nagdul0t,nagdulot
naghi2ntay,naghihintay
nagppakita,nagpapakita
nah,na
naka2,nakaka
nakkita,nakikita
naleto,nalito
nalng,nalang
namn,namin
nangya2ri,nangyayari
nappagod,napapagod
nd,hindi
ne,ni
nea,niya
ngaalala,nag-aalala
ngaun,ngayon
ngdadasal,nagdadasal
ngyari,nangyari
ngyri,nangyari
ngyun,ngayon
ngyyri,nangyayari
nka2bangon,nakakabangon
nkkawa,nakakaawa
nkktkt,nakakatakot
nkraang,nakaraang
nla,nila
nlng,nalang
nman,naman
nmang,namang
nmen,namin
nmn,naman
nnaman,na naman
nnamn,na naman
nngailngn,nangangailangan
npapakinggan,napapakinggan
nrin,na rin
nring,na ring
nsa,nasa
nsabi,nasabi
ntin,natin
nttwa,natatawa
nwln,nawalan
nyan,niyan
nyo,niyo
p,pa
paba2yaan,pababayaan
pangin0on,panginoon
paraw,pa raw
pask0,pasko
pba,pa ba
pbyaan,pabayaan
pde,puwede
pdin,pa rin
pede,puwede
pg,pag
pinaki2nggan,pinakikinggan
pla,pala
plage,palagi
plng,pa lang
pls,please
plz,please
pmilya,pamilya
pmlya,pamilya
pnapnalangin,pinapanalangin
png,pang
pngssbi,pinagsasabi
poceblidad,posibilidad
poe,po
ppbyaan,papabayaan
pptak,papatak
pra,para
pring,pa ring
prn,pa rin
prng,parang
pro,pero
ptak,patak
pwd,puwede
pwdi,puwede
q,ko
q na,ko na
r,are
rgard,regard
s,sa
sabagay,sa bagay
sainyo,sa inyo
samen,sa amin
samin,sa amin
savi,sabi
sbay,sabay
sbihin,sabihin
sbuhay,sa buhay
sby,sabay
sgnal,signal
slmt,salamat
smahan,samahan
smen,sa amin
smin,sa amin
sna,sana
snsabi,sinasabi
su2nod,susunod
svi,sabi
t0,ito
tatma,tatama
tau,tayo
teu,tayo
tga,taga
thanxs,thanks
thnks,thanks
tkot,takot
tlg,talaga
tluyan,tuluyan
tnx,thanks
tska,at saka
ttma,tatama
tulongan,tulungan
twla,tiwala
ty0,tayo
tym,time
tyong,tayong
uag,huwag
ult,ulit
ultin,ulitin
umaarw,umaaraw
un,yun
ur,your
walng,walang
wg,huwag
wkas,wakas
wla,wala
xa,sa
xabi,sabi
yn,yan
yta,yata
chika,chismis
gorabels,punta na
babush,paalam
pudra,tatay
mudra,nanay
sinetch,sino
afam,dayuhan
akesh,ako
akiskis,ako
shala,sosyal
shunga,tanga
peslak,mukha
anech,ano
atabs,bata
werk,trabaho
aketch,akin
22o,totoo
juntis,buntis
itech,ito
ganern,ganoon
gurang,matanda
junakis,anak
jombagin,suntukin
wit,sandali
itey,ito
mars,kumare
beshie,kaibigan
igop,pogi
baks,bakla
dyoga,dibdib
bogelya,dibdib
dedma,patay malisya
nognog,maitim
ditey,dito
jutay,maliit
ditech,dito
jologs,baduy
anakis,anak
chaka,pangit
junjun,lalaki
pagoda,pagod
wafu,gwapo
