ID,Informal,Normalized,Category
0001,prang,parang,abbreviation
0002,n,na,abbreviation
0003,i2,ito,spelling variation
0004,pu,po,spelling variation
0005,tlga,talaga,abbreviation
0006,ulet,ulit,spelling variation
0007,lng,lang,abbreviation
0008,tas,tapos,abbreviation
0009,jan,d'yan,abbreviation
0010,ya,kuya,abbreviation
0011,san,saan,abbreviation
0012,wag,huwag,abbreviation
0013,d2,dito,spelling variation
0014,toh,ito,spelling variation
0015,noh,ano,spelling variation
0016,yarn,yan,slang
0017,nmn,naman,abbreviation
0018,sau,sayo,"abbreviation, spelling variation"
0019,teh,ate,spelling variation
0020,di,hindi,abbreviation
0021,ganornch,ganoon,slang
0022,kc,kasi,spelling variation
0023,ndi,hindi,abbreviation
0024,sha,siya,spelling variation
0025,xia,siya,spelling variation
0026,kmi,kami,abbreviation
0027,aku,ako,spelling variation
0028,un,yun,abbreviation
0029,bahai,bahay,spelling variation
0030,umai,umay,spelling variation
0031,hnd,hindi,abbreviation
0032,usto,gusto,abbreviation
0033,ge,sige,abbreviation
0034,amats,tama,slang
0035,keri,kaya,slang
0036,alaws,wala,slang
0037,bat,bakit,abbreviation
0038,onti,kaunti,spelling variation
0039,koya,kuya,spelling variation
0040,gege,sige,spelling variation
0041,sge,sige,abbreviation
0042,cge,sige,spelling variation
0043,laru,laro,spelling variation
0044,lam,alam,abbreviation
0045,tayu,tayo,spelling variation
0047,pede,puwede,abbreviation
0049,tong,itong,abbreviation
0050,boset,bwisit,spelling variation
0051,sayu,sayo,spelling variation
0052,panget,pangit,spelling variation
0053,nya,niya,abbreviation
0054,nayan,na 'yan,spelling variation
0055,yan,'yan,spelling variation
0056,yoko,ayoko,abbreviation
0057,puyaters,puyat,slang
0058,langs,lang,spelling variation
0059,non,noon,abbreviation
0060,teh,ate,spelling variation
0061,jusq,Diyos ko,spelling variation
0062,jusko,Diyos ko,spelling variation
0063,sakin,sa akin,abbreviation
0064,nako,na ako,abbreviation
0065,pano,paano,abbreviation
0066,kala,akala,abbreviation
0067,skl,share ko lang,abbreviation
0068,nato,na ito,abbreviation
0069,kalerki,kaloka,slang
0070,ambilis,ang bilis,spelling variation
0071,nhak,anak,spelling variation
0072,nhay,nanay,spelling variation
0073,iskeri,scary,spelling variation
0048,c,si,spelling variation
0074,kelan,kailan,spelling variation
0046,naten,natin,spelling variation
0075,wla,wala,abbreviation
0076,nio,niyo,abbreviation
0077,bsta,basta,abbreviation
0078,cla,sila,spelling variation
0079,dyan,d'yan,spelling variation
0080,sensya,pasensya,abbreviation
0081,meron,mayroon,spelling variation
0082,gus2,gusto,spelling variation
0083,rap,sarap,abbreviation
0084,ket,kahit,"abbreviation, spelling variation"
0085,cnu,sino,spelling variation
0086,tsaka,at saka,abbreviation
0087,antay,hintay,spelling variation
0088,antayin,hintayin,spelling variation
0089,kinwento,kinuwento,abbreviation
0090,lika,halika,abbreviation
0091,nasan,nasaan,abbreviation
0092,dpat,dapat,abbreviation
0093,omsim,mismo,slang
0094,oms,mismo,slang
0095,uu,oo,spelling variation
0096,anlala,ang lala,abbreviation
0097,mu,mo,spelling variation
0098,par,pare,abbreviation
0099,lods,idol,slang
0100,lodi,idol,slang
0101,ebas,sabi,slang
0102,nyu,niyo,spelling variation
0103,eabab,babae,slang
0104,ekalal,lalaki,slang
0105,yaan,hayaan,abbreviation
0106,ante,ate,spelling variation
0107,dehins,hindi,slang
0108,anyare,anong nangyari,abbreviation
0109,pag,kapag,abbreviation
0110,ganto,ganito,abbreviation
0111,mmya,mamaya,abbreviation
0112,ngaun,ngayon,spelling variation
0113,ganyan,gan'yan,spelling variation
0114,kaw,ikaw,abbreviation
0115,nlng,na lang,abbreviation
0116,cnabi,sinabi,spelling variation
0117,ea,babae,spelling variation
0118,eka,lalaki,spelling variation
0119,aq,ako,spelling variation
0120,nandito,narito,spelling variation
0121,saet,sakit,spelling variation
0122,la,wala,abbreviation
0123,dipa,hindi pa,abbreviation
0124,ra,tara,abbreviation
0125,gang,hanggang,abbreviation
0126,gege,sige,spelling variation
0127,enge,pahingi,spelling variation
0128,m,mo,abbreviation
0129,balakajan,bahala ka d'yan,slang
0130,matsala,salamat,slang
0131,nugagawin,ano gagawin,spelling variation
0132,dat,dapat,abbreviation
0133,don,doon,abbreviation
0134,samin,sa amin,abbreviation
0135,satin,sa atin,abbreviation
0136,dsurv,deserve,abbreviation
0137,andito,narito,spelling variation
0138,nu,ano,spelling variation
0139,tau,tayo,spelling variation
0140,nakwento,naikuwento,abbreviation
0141,matik,automatic,abbreviation
0142,nuyan,ano 'yan,spelling variation
0143,arat,tara,slang
0144,tombits,tomboy,slang
0145,bohai,buhay,spelling variation
0146,nandun,naroon,spelling variation
0147,kesa,kaysa,spelling variation
0148,gano,gaano,abbreviation
0149,pu,po,spelling variation
0150,pi,po,spelling variation
0151,inet,init,spelling variation
0152,nubayan,ano ba 'yan,spelling variation
0153,langya,walang hiya,slang
0154,tamo,tingnan mo,abbreviation
0155,penge,pahingi,spelling variation
0156,anjan,and'yan,spelling variation
0157,sakalam,malakas,slang
0158,naol,sana all,slang
0159,olats,talo,slang
0160,todas,patay,slang
0161,erpat,tatay,slang
0162,ermat,nanay,slang
0163,yosi,sigarilyo,slang
0164,insan,pinsan,abbreviation
0165,bokya,talo,slang
0166,efas,safe,slang
0167,oyat,tayo,slang
0168,asan,nasaan,abbreviation
0169,gora,tara,slang
0170,shota,kasintahan,slang
0171,atecco,ate ko,slang
0172,amaccana,tama ka na,slang
0173,accla,bakla,slang
0174,hanash,sabi,slang
0175,wapakels,walang pakialam,slang
0176,rapsa,sarap,slang
0177,peram,pahiram,spelling variation
0178,petmalu,malupit,slang
0179,lavarn,laban,slang
0180,daks,malaki,slang
0181,juts,maliit,slang
0182,gugol,google,spelling variation
0183,dko,hindi ko,abbreviation
0184,waley,wala,slang
0185,charot,joke,slang
0186,char,joke,slang
0187,aun,ayun,abbreviation
0188,cnu,sino,spelling variation
0189,apaka,napaka,abbreviation
0190,mamsir,ma'am at sir,slang
0191,petmalu,malupit,slang
0192,galeng,galing,spelling variation
0193,jok,joke,abbreviation
0194,eme,joke,slang
0195,emz,joke,slang
0196,kau,kayo,spelling variation
0197,cno,sino,spelling variation
0198,c,si,spelling variation
0199,antapang,ang tapang,abbreviation
0200,andami,ang dami,abbreviation
0201,elib,bilib,slang
0202,inlab,in love,spelling variation
0203,dasurb,deserve,slang
0204,ambangis,ang bangis,spelling variation
0205,peram,pahiram,spelling variation
0206,rel8,relate,spelling variation
0207,anliit,ang liit,abbreviation
0208,ambait,ang bait,spelling variation
0209,s,sa,abbreviation
0210,diba,hindi ba,abbreviation
0211,ung,yung,abbreviation
0212,naten,natin,spelling variation
0213,nukajan,sino ka d'yan,slang
0214,werpa,power,slang
0215,yorme,mayor,slang
0216,wer na u?,nasaan ka na?,slang
0217,urat,inis,slang
0218,baduts,baduy,slang
0219,kng,kung,abbreviation
0220,papano,papaano,abbreviation
0221,kyut,cute,spelling variation
0222,pwedi,puwede,spelling variation
0223,shikip,sikip,spelling variation
0224,d,hindi,abbreviation
0225,sofer,super,spelling variation
0226,cguro,siguro,spelling variation
0227,kasbu,bukas,spelling variation
0228,skul,school,spelling variation
0229,lagowch,lagot,slang
0230,2loy,tuloy,spelling variation
0231,k lng,okay lang,abbreviation
0232,q,ako,spelling variation
0233,2loy,tuloy,spelling variation
0234,2luyan,tuluyan,spelling variation
0235,abutn,abutin,abbreviation
0236,anq,ang,spelling variation
0237,anu,ano,spelling variation
0238,aq,ako,spelling variation
0239,atlest,at least,abbreviation
0240,awayn,awayin,abbreviation
0241,b,ba,abbreviation
0242,bbagyo,babagyo,abbreviation
0243,bcos,because,abbreviation
0244,bcoz,because,spelling variation
0245,bgay,bagay,abbreviation
0246,bgyo,bagyo,abbreviation
0247,bgyong,bagyong,abbreviation
0248,bhala,bahala,abbreviation
0249,bhay,bahay,abbreviation
0250,bk8,bakit,spelling variation
0251,bka,baka,abbreviation
0252,bkt,bakit,abbreviation
0253,bqyo,bagyo,spelling variation
0254,bta,bata,abbreviation
0255,bwat,bawat,abbreviation
0256,c,si,spelling variation
0257,c0mplain,complain,spelling variation
0258,c0ntr0l,control,spelling variation
0259,cgro,siguro,spelling variation
0260,cguro,siguro,spelling variation
0261,cia,siya,spelling variation
0262,cignal,signal,spelling variation
0263,cla,sila,spelling variation
0264,cmula,simula,spelling variation
0265,cnabi,sinabi,spelling variation
0266,d,di,abbreviation
0267,d2,dito,spelling variation
0268,da,the,spelling variation
0269,dahel,dahil,spelling variation
0270,dahl,dahil,abbreviation
0271,dba,hindi ba,abbreviation
0272,dhil,dahil,abbreviation
0273,dn,din,abbreviation
0274,dnt,dont,abbreviation
0275,donot,do not,spelling variation
0276,dpat,dapat,abbreviation
0277,dretso,diretso,abbreviation
0278,drtso,diretso,abbreviation
0279,ds,this,spelling variation
0280,dto,dito,abbreviation
0281,dyn,diyan,abbreviation
0282,dyos,Diyos,abbreviation
0283,esave,i-save,spelling variation
0284,f0r,for,spelling variation
0285,frm,from,abbreviation
0286,gbi,gabi,abbreviation
0287,ggwin,gagawin,abbreviation
0288,gnabi,ginabi,abbreviation
0289,gnagawa,ginagawa,abbreviation
0290,gnawa,ginawa,abbreviation
0291,gnyan,ganiyan,abbreviation
0292,gr8,great,spelling variation
0293,gud,good,spelling variation
0294,gvi,gabi,spelling variation
0295,gwa,gawa,abbreviation
0296,h0pe,hope,spelling variation
0297,habng,habang,abbreviation
0298,hangn,hangin,abbreviation
0299,hnd,hindi,abbreviation
0300,hndi,hindi,abbreviation
0301,hnggng,hanggang,abbreviation
0302,hwag,huwag,abbreviation
0303,i layo,ilayo,spelling variation
0304,i2,ito,spelling variation
0305,ibg,ibig,abbreviation
0306,icp,isip,spelling variation
0307,ingt,ingat,abbreviation
0308,iniicp,iniisip,spelling variation
0309,ipag dasal,ipagdasal,spelling variation
0310,jan,diyan,abbreviation
0311,jn,diyan,spelling variation
0312,k,ka,abbreviation
0313,kaba,ka ba,spelling variation
0314,kailngan,kailangan,abbreviation
0315,kakatpoz,kakatapos,spelling variation
0316,kana,ka na,spelling variation
0317,kania,kaniya,spelling variation
0318,kau,kayo,spelling variation
0319,kawa2,kawawa,spelling variation
0320,kc,kasi,spelling variation
0321,kci,kasi,spelling variation
0322,kelangan,kailangan,spelling variation
0323,khit,kahit,abbreviation
0324,kkilabot,kakakilabot,abbreviation
0325,kla,kala,abbreviation
0326,kme,kami,spelling variation
0327,kn,ka na,abbreviation
0328,kna,ka na,abbreviation
0329,kng,kung,abbreviation
0330,kp,ka pa,abbreviation
0331,kphmakan,kapahamakan,abbreviation
0332,ksma,kasama,abbreviation
0333,ktabi,katabi,abbreviation
0334,kun,kung,abbreviation
0335,kya,kaya,abbreviation
0336,la2ki,lalaki,spelling variation
0337,lage,lagi,spelling variation
0338,lhat,lahat,abbreviation
0339,lht,lahat,abbreviation
0340,lng,lang,abbreviation
0341,m,mo,abbreviation
0342,m0rning,morning,spelling variation
0343,ma2loy,matuloy,spelling variation
0344,maapek2han,maapektuhan,spelling variation
0345,maapktuhan,maapektuhan,abbreviation
0346,mageng,maging,spelling variation
0347,magkakat0t0o,magkatotoo,spelling variation
0348,magpasalamt,magpasalamat,abbreviation
0349,maherap,mahirap,spelling variation
0350,malasakt,malasakit,abbreviation
0351,matu2naw,matutunaw,spelling variation
0352,mbahaan,mabahaan,abbreviation
0353,mejo,medyo,spelling variation
0354,mg,mag,abbreviation
0355,mganda,maganda,abbreviation
0356,mggwa,magagawa,abbreviation
0357,mgiingt,mag-iingat,abbreviation
0358,mging,maging,abbreviation
0359,mgingt,mag-ingat,abbreviation
0360,mgkr0n,magkaroon,spelling variation
0361,mgppkampante,magpapakampante,abbreviation
0362,mgppsko,magpapasko,abbreviation
0363,mgpray,magdasal,abbreviation
0364,mgsalita,magsalita,abbreviation
0365,mgsi2datingan,magsisidatingan,spelling variation
0366,mhal,mahal,abbreviation
0367,mkasalanan,makasalanan,abbreviation
0368,mkitd,makitid,abbreviation
0369,mla2gay,malalagay,spelling variation
0370,mlaki,malaki,abbreviation
0371,mlapit,malapit,abbreviation
0372,mlyo,malayo,abbreviation
0373,mmukhang,mumukhang,abbreviation
0374,mn,man,abbreviation
0375,morng,morning,abbreviation
0376,mphmak,mapahamak,abbreviation
0377,mrami,marami,abbreviation
0378,mrnsn,maranasan,abbreviation
0379,ms,mas,abbreviation
0380,msaktan,masaktan,abbreviation
0381,msama,masama,abbreviation
0382,msira,masira,abbreviation
0383,mskit,masakit,abbreviation
0384,msktan,masaktan,abbreviation
0385,msma,masama,abbreviation
0386,msyado,masyado,abbreviation
0387,mtitikman,matitikman,abbreviation
0388,mtmaan,matamaan,abbreviation
0389,mttgas,matitigas,abbreviation
0390,mttmaan,matatamaan,abbreviation
0391,mu,mo,spelling variation
0392,mwalan,mawalan,abbreviation
0393,mwla,mawala,abbreviation
0394,my,may,abbreviation
0395,n,na,abbreviation
0396,n0body,nobody,spelling variation
0397,nabgyo,nabagyo,abbreviation
0398,nagdul0t,nagdulot,spelling variation
0399,naghi2ntay,naghihintay,spelling variation
0400,nagppakita,nagpapakita,abbreviation
0401,nah,na,spelling variation
0402,naka2,nakaka,spelling variation
0403,nakkita,nakikita,abbreviation
0404,naleto,nalito,spelling variation
0405,nalng,nalang,abbreviation
0406,namn,namin,abbreviation
0407,nangya2ri,nangyayari,spelling variation
0408,nappagod,napapagod,abbreviation
0409,nd,hindi,abbreviation
0410,ne,ni,spelling variation
0411,nea,niya,spelling variation
0412,ngaalala,nag-aalala,abbreviation
0413,ngaun,ngayon,spelling variation
0414,ngdadasal,nagdadasal,abbreviation
0415,ngyari,nangyari,abbreviation
0416,ngyri,nangyari,abbreviation
0417,ngyun,ngayon,spelling variation
0418,ngyyri,nangyayari,abbreviation
0419,nio,niyo,abbreviation
0420,nka2bangon,nakakabangon,spelling variation
0421,nkkawa,nakakaawa,abbreviation
0422,nkktkt,nakakatakot,abbreviation
0423,nkraang,nakaraang,abbreviation
0424,nku,nako,spelling variation
0425,nl,nila,abbreviation
0426,nla,nila,abbreviation
0427,nlng,nalang,abbreviation
0428,nman,naman,abbreviation
0429,nmang,namang,abbreviation
0430,nmen,namin,spelling variation
0431,nmn,naman,abbreviation
0432,nnaman,na naman,abbreviation
0433,nnamn,na naman,abbreviation
0434,nngailngn,nangangailangan,abbreviation
0435,npapakinggan,napapakinggan,abbreviation
0436,nrin,na rin,abbreviation
0437,nring,na ring,abbreviation
0438,nsa,nasa,abbreviation
0439,nsabi,nasabi,abbreviation
0440,ntin,natin,abbreviation
0441,nttwa,natatawa,abbreviation
0442,nwln,nawalan,abbreviation
0443,nyan,niyan,abbreviation
0444,nyo,niyo,abbreviation
0445,p,pa,abbreviation
0446,paba2yaan,pababayaan,spelling variation
0447,pangin0on,panginoon,spelling variation
0448,paraw,pa raw,spelling variation
0449,pask0,pasko,spelling variation
0450,pba,pa ba,abbreviation
0451,pbyaan,pabayaan,abbreviation
0452,pde,puwede,abbreviation
0453,pdin,pa rin,abbreviation
0454,pede,puwede,abbreviation
0455,pg,pag,abbreviation
0456,pinaki2nggan,pinakikinggan,spelling variation
0457,pla,pala,abbreviation
0458,plage,palagi,spelling variation
0459,plng,pa lang,abbreviation
0460,pls,please,abbreviation
0461,plz,please,spelling variation
0462,pmilya,pamilya,abbreviation
0463,pmlya,pamilya,abbreviation
0464,pnapnalangin,pinapanalangin,abbreviation
0465,png,pang,abbreviation
0466,pngssbi,pinagsasabi,abbreviation
0467,poceblidad,posibilidad,spelling variation
0468,poe,po,spelling variation
0469,ppbyaan,papabayaan,abbreviation
0470,pptak,papatak,abbreviation
0471,pra,para,abbreviation
0472,pring,pa ring,abbreviation
0473,prn,pa rin,abbreviation
0474,prng,parang,abbreviation
0475,pro,pero,abbreviation
0476,ptak,patak,abbreviation
0477,pwd,puwede,abbreviation
0478,pwdi,puwede,spelling variation
0479,q,ko,spelling variation
0480,q na,ko na,spelling variation
0481,r,are,abbreviation
0482,rgard,regard,abbreviation
0483,s,sa,abbreviation
0484,sabagay,sa bagay,spelling variation
0485,sainyo,sa inyo,spelling variation
0486,samen,sa amin,spelling variation
0487,samin,sa amin,abbreviation
0488,savi,sabi,spelling variation
0489,sbay,sabay,abbreviation
0490,sbihin,sabihin,abbreviation
0491,sbuhay,sa buhay,abbreviation
0492,sby,sabay,abbreviation
0493,sgnal,signal,abbreviation
0494,slmt,salamat,abbreviation
0495,smahan,samahan,abbreviation
0496,smen,sa amin,abbreviation
0497,smin,sa amin,abbreviation
0498,sna,sana,abbreviation
0499,snsabi,sinasabi,abbreviation
0500,su2nod,susunod,spelling variation
0501,svi,sabi,spelling variation
0502,t0,ito,spelling variation
0503,tatma,tatama,abbreviation
0504,tau,tayo,spelling variation
0505,teu,tayo,spelling variation
0506,tga,taga,abbreviation
0507,thanxs,thanks,spelling variation
0508,thnks,thanks,abbreviation
0509,tkot,takot,abbreviation
0510,tlg,talaga,abbreviation
0511,tluyan,tuluyan,abbreviation
0512,tnx,thanks,spelling variation
0513,tska,at saka,abbreviation
0514,ttma,tatama,abbreviation
0515,tulongan,tulungan,spelling variation
0516,twla,tiwala,abbreviation
0517,ty0,tayo,spelling variation
0518,tym,time,spelling variation
0519,tyong,tayong,abbreviation
0520,uag,huwag,abbreviation
0521,ult,ulit,abbreviation
0522,ultin,ulitin,abbreviation
0523,umaarw,umaaraw,abbreviation
0524,un,yun,abbreviation
0525,ur,your,abbreviation
0526,walng,walang,abbreviation
0527,wg,huwag,abbreviation
0528,wkas,wakas,abbreviation
0529,wla,wala,abbreviation
0530,xa,sa,spelling variation
0531,xabi,sabi,spelling variation
0532,yn,yan,abbreviation
0533,yta,yata,abbreviation
0534,chika,chismis,slang
0535,gorabels,punta na,slang
0536,babush,paalam,slang
0537,pudra,tatay,slang
0538,mudra,nanay,slang
0539,sinetch,sino,slang
0540,afam,dayuhan,slang
0541,akesh,ako,slang
0542,akiskis,ako,slang
0543,shala,sosyal,slang
0544,shunga,tanga,slang
0545,peslak,mukha,slang
0546,anech,ano,slang
0547,atabs,bata,slang
0548,werk,trabaho,slang
0549,aketch,akin,slang
0550,22o,totoo,spelling variation
0551,juntis,buntis,slang
0552,itech,ito,slang
0553,ganern,ganoon,slang
0554,gora,lumarga,slang
0555,gurang,matanda,slang
0556,junakis,anak,slang
0557,jombagin,suntukin,slang
0558,wit,sandali,slang
0559,itey,ito,slang
0560,mars,kumare,slang
0561,beshie,kaibigan,slang
0562,igop,pogi,slang
0563,baks,bakla,slang
0564,dyoga,dibdib,slang
0565,bogelya,dibdib,slang
0566,dedma,patay malisya,slang
0567,nognog,maitim,slang
0568,ditey,dito,slang
0569,jutay,maliit,slang
0570,ditech,dito,slang
0571,jologs,baduy,slang
0572,anakis,anak,slang
0573,chaka,pangit,slang
0574,junjun,lalaki,slang
0575,pagoda,pagod,slang
0576,wafu,gwapo,slang
0577,,,
0578,,,
0579,,,
0580,,,
0581,,,
0582,,,
0583,,,
0584,,,
0585,,,
0586,,,
0587,,,
0588,,,
0589,,,
0590,,,
0591,,,
0592,,,
0593,,,
0594,,,
0595,,,
0596,,,
0597,,,
0598,,,
0599,,,
0600,,,
0601,,,
0602,,,
0603,,,
0604,,,
0605,,,
0606,,,
0607,,,
0608,,,
0609,,,
0610,,,
0611,,,
0612,,,
0613,,,
0614,,,
0615,,,
0616,,,
0617,,,
0618,,,
0619,,,
0620,,,
0621,,,
0622,,,
0623,,,
0624,,,
0625,,,
0626,,,
0627,,,
0628,,,
0629,,,
0630,,,
0631,,,
0632,,,
0633,,,
0634,,,
0635,,,
0636,,,
0637,,,
0638,,,
0639,,,
0640,,,
0641,,,
0642,,,
0643,,,
0644,,,
0645,,,
0646,,,
0647,,,
0648,,,
0649,,,
0650,,,
0651,,,
0652,,,
0653,,,
0654,,,
0655,,,
0656,,,
0657,,,
0658,,,
0659,,,
0660,,,
0661,,,
0662,,,
0663,,,
0664,,,
0665,,,
0666,,,
0667,,,
0668,,,
0669,,,
0670,,,
0671,,,
0672,,,
0673,,,
0674,,,
0675,,,
0676,,,
0677,,,
0678,,,
0679,,,
0680,,,
0681,,,
0682,,,
0683,,,
0684,,,
0685,,,
0686,,,
0687,,,
0688,,,
0689,,,
0690,,,
0691,,,
0692,,,
0693,,,
0694,,,
0695,,,
0696,,,
0697,,,
0698,,,
0699,,,
0700,,,
0701,,,
0702,,,
0703,,,
0704,,,
0705,,,
0706,,,
0707,,,
0708,,,
0709,,,
0710,,,
0711,,,
0712,,,
0713,,,
0714,,,
0715,,,
0716,,,
0717,,,
0718,,,
0719,,,
0720,,,
0721,,,
0722,,,
0723,,,
0724,,,
0725,,,
0726,,,
0727,,,
0728,,,
0729,,,
0730,,,
0731,,,
0732,,,
0733,,,
0734,,,
0735,,,
0736,,,
0737,,,
0738,,,
0739,,,
0740,,,
0741,,,
0742,,,
0743,,,
0744,,,
0745,,,
0746,,,
0747,,,
0748,,,
0749,,,
0750,,,
0751,,,
0752,,,
0753,,,
0754,,,
0755,,,
0756,,,
0757,,,
0758,,,
0759,,,
0760,,,
0761,,,
0762,,,
0763,,,
0764,,,
0765,,,
0766,,,
0767,,,
0768,,,
0769,,,
0770,,,
0771,,,
0772,,,
0773,,,
0774,,,
0775,,,
0776,,,
0777,,,
0778,,,
0779,,,
0780,,,
0781,,,
0782,,,
0783,,,
0784,,,
0785,,,
0786,,,
0787,,,
0788,,,
0789,,,
0790,,,
0791,,,
0792,,,
0793,,,
0794,,,
0795,,,
0796,,,
0797,,,
0798,,,
0799,,,
0800,,,
0801,,,
0802,,,
0803,,,
0804,,,
0805,,,
0806,,,
0807,,,
0808,,,
0809,,,
0810,,,
0811,,,
0812,,,
0813,,,
0814,,,
0815,,,
0816,,,
0817,,,
0818,,,
0819,,,
0820,,,
0821,,,
0822,,,
0823,,,
0824,,,
0825,,,
0826,,,
0827,,,
0828,,,
0829,,,
0830,,,
0831,,,
0832,,,
0833,,,
0834,,,
0835,,,
0836,,,
0837,,,
0838,,,
0839,,,
0840,,,
0841,,,
0842,,,
0843,,,
0844,,,
0845,,,
0846,,,
0847,,,
0848,,,
0849,,,
0850,,,
0851,,,
0852,,,
0853,,,
0854,,,
0855,,,
0856,,,
0857,,,
0858,,,
0859,,,
0860,,,
0861,,,
0862,,,
0863,,,
0864,,,
0865,,,
0866,,,
0867,,,
0868,,,
0869,,,
0870,,,
0871,,,
0872,,,
0873,,,
0874,,,
0875,,,
0876,,,
0877,,,
0878,,,
0879,,,
0880,,,
0881,,,
0882,,,
0883,,,
0884,,,
0885,,,
0886,,,
0887,,,
0888,,,
0889,,,
0890,,,
0891,,,
0892,,,
0893,,,
0894,,,
0895,,,
0896,,,
0897,,,
0898,,,
0899,,,
0900,,,
0901,,,
0902,,,
0903,,,
0904,,,
0905,,,
0906,,,
0907,,,
0908,,,
0909,,,
0910,,,
0911,,,
0912,,,
0913,,,
0914,,,
0915,,,
0916,,,
0917,,,
0918,,,
0919,,,
0920,,,
0921,,,
0922,,,
0923,,,
0924,,,
0925,,,
0926,,,
0927,,,
0928,,,
0929,,,
0930,,,
0931,,,
0932,,,
0933,,,
0934,,,
0935,,,
0936,,,
0937,,,
0938,,,
0939,,,
0940,,,
0941,,,
0942,,,
0943,,,
0944,,,
0945,,,
0946,,,
0947,,,
0948,,,
0949,,,
0950,,,
0951,,,
0952,,,
0953,,,
0954,,,
0955,,,
0956,,,
0957,,,
0958,,,
0959,,,
0960,,,
0961,,,
0962,,,
0963,,,
0964,,,
0965,,,
0966,,,
0967,,,
0968,,,
0969,,,
0970,,,
0971,,,
0972,,,
0973,,,
0974,,,
0975,,,
0976,,,
0977,,,
0978,,,
0979,,,
0980,,,
0981,,,
0982,,,
0983,,,
0984,,,
0985,,,
0986,,,
0987,,,
0988,,,
0989,,,
0990,,,
0991,,,
0992,,,
0993,,,
0994,,,
0995,,,
0996,,,
0997,,,
0998,,,
0999,,,
1000,,,
